{"options":{"check_for_updates":true,"comment":null,"compat_foreach":false,"compat_metadata":false,"compat_powerful_this":null,"compat_wrappedjsobject":false,"compatopts_for_requires":true,"noframes":null,"override":{"merge_connects":true,"merge_excludes":true,"merge_includes":true,"merge_matches":true,"orig_connects":["gql.twitch.tv"],"orig_excludes":["*://captcha-api.yandex.ru/*","*://ya.ru/showcaptcha?","*://mil.ru/*","*wikipedia.org*","*icloud.com*","*hangouts.google.com*","*www.facebook.com/plugins/*","*www.facebook.com/v*/plugins*","*disqus.com/embed/comments*","*vk.com/widget*","*twitter.com/intent/*","*www.youtube.com/embed/*","*player.vimeo.com*","*coub.com/embed*","*staticxx.facebook.com/connect/xd_arbiter/*","*vk.com/q_frame*","*tpc.googlesyndication.com*","*syndication.twitter.com*","*platform.twitter.com*","*tutosdeath.blogspot.com*","*notifications.google.com*","*google.com/recaptcha/*","*bizmania.ru/*","*bunkr.cr/*"],"orig_includes":[],"orig_matches":["*://*/*"],"orig_noframes":null,"orig_run_at":"document-start","orig_run_in":[],"orig_tags":[],"use_blockers":[],"use_connects":[],"use_excludes":[],"use_includes":[],"use_matches":[]},"run_at":null,"run_in":null,"sandbox":null,"tags":[],"unwrap":null,"user_modified":null},"settings":{"enabled":true,"position":3},"meta":{"name":"AdGuard Extra","uuid":"a0014d8a-f498-4284-9005-f0a3c0994b14","modified":1766978080921,"file_url":"https://userscripts.adtidy.org/release/adguard-extra/1.0/adguard-extra.user.js"}}