{"options":{"check_for_updates":true,"comment":null,"compat_foreach":false,"compat_metadata":false,"compat_powerful_this":null,"compat_wrappedjsobject":false,"compatopts_for_requires":true,"noframes":null,"override":{"merge_connects":true,"merge_excludes":true,"merge_includes":true,"merge_matches":true,"orig_connects":[],"orig_excludes":["/^(https?:\\/\\/)([^\\/]+\\.)?((cloudflare|github|aliyun|reddit|bing|yahoo|microsoft|whatsapp|amazon|ebay|payoneer|paypal|skrill|stripe|stripecdn|tipalti|wise|discord|tokopedia|taobao|taboola|aliexpress|netflix|citigroup|spotify|bankofamerica|hsbc|blogger|(accounts|studio).youtube|atlassian|pinterest|twitter|x|live|linkedin|fastbull|tradingview|deepseek|chatgpt|openai|grok|bilibili|indodax|bmcdn6|fbsbx|googlesyndication|amazon-adsystem|pubmatic|gstatic).com|(greasyfork|openuserjs|telegram|wikipedia|lichess).org|(doubleclick|yahoo).net|proton.me|stripe.network|meta.ai|codepen.io|(shopee|lazada|rakuten|maybank|binance).*|(dana|ovo|bca.co|bri.co|bni.co|bankmandiri.co|desa|(.*).go).id|(.*).(edu|gov))(\\/.*)/","/^https?:\\/\\/(?!(www\\.google\\.com\\/(recaptcha\\/|url)|docs\\.google\\.com\\/|drive\\.google\\.com\\/)).*google\\..*/","/^https?:\\/\\/([a-z0-9]+\\.)*(facebook|instagram|tiktok)\\.com\\/(?!(flx\\/warn\\/|linkshim\\/|link\\/v2)).*/"],"orig_includes":["/^(?:https?:\\/\\/)?(?:www\\.)?(?:google\\.com|recaptcha\\.net)\\/recaptcha\\/api2\\/.*$/","/^(https?:\\/\\/)(.+)?((inshort|youlinks|adrinolinks).in|(linkcents|nitro-link).com|clk.sh)(\\/.*)/","/^(https?:\\/\\/)(.+)?((cryptowidgets|melodyspot|carsmania|cookinguide|tvseriescentral|cinemascene|hobbymania|plantsguide|furtnitureplanet|petsguide|gputrends|gamestopia|ountriesguide|carstopia|makeupguide|gadgetbuzz|coinsvalue|coinstrend|coinsrise|webfreetools|wanderjourney|languagefluency|giftmagic|bitwidgets|virtuous-tech|retrocove|vaultfind|geotides|renovatehub|playallgames|countriesguide).net|(freeoseocheck|insurancexguide|funplayarcade|origamiarthub|fitbodygenius|illustrationmaster|selfcareinsights|constructorspro|ecofriendlyz|virtualrealitieshub|wiki-topia|techiephone|brewmasterly|teknoasian|lifeprovy|chownest|mythnest|homesteadfeast|gizmoera|tastywhiz|speakzyo).com|(bubblix|dailytech-news).eu|(biit|carfocus).site|coinscap.info|insurancegold.in|wii.si)(\\/.*)/","/^(https?:\\/\\/)(.+)?((on-scroll|diudemy|maqal360).com)(\\/.*)/","/^(https?:\\/\\/)(.+)?(headlinerpost.com|posterify.net)(\\/.*)/","/^(https?:\\/\\/)(.+)?((cryptowidgets|melodyspot|carsmania|cookinguide|tvseriescentral|cinemascene|hobbymania|plantsguide|furtnitureplanet|petsguide|gputrends|gamestopia|ountriesguide|carstopia|makeupguide|gadgetbuzz|coinsvalue|coinstrend|coinsrise|webfreetools|wanderjourney|languagefluency|giftmagic|bitwidgets|virtuous-tech).net|(freeoseocheck|insurancexguide|funplayarcade|origamiarthub|fitbodygenius|illustrationmaster|selfcareinsights|constructorspro|ecofriendlyz|virtualrealitieshub|wiki-topia|techiephone|brewmasterly).com|(bubblix|dailytech-news).eu|(biit|carfocus|blogfly).site|coinscap.info|insurancegold.in|wii.si)(\\/.*)/","/^(https?:\\/\\/)(.+)?((g34new|dlgamingvn|v34down|phimsubmoi|almontsf).com|(nashib|timbertales).xyz)(\\/.*)/","/^(https?:\\/\\/)(.+)?(earnbee.xyz|zippynest.online|getunic.info)(\\/.*)/","/^(https?:\\/\\/)(.+)?(1ink.cc|cuturl.cc)(\\/.*)/","/^(https?:\\/\\/)(.+)?((fc-lc|thotpacks).xyz)(\\/.*)/","/^(https?:\\/\\/)(.+)?(offerwall.me|ewall.biz)(\\/.*)/","/^(https?:\\/\\/)(.+)?(surl.li|surl.gd)(\\/.*)/","/^(https?:\\/\\/)(.+)?(dogefury.com|thanks.tinygo.co)(\\/.*)/","/^(https?:\\/\\/)(.+)?((blogsward|coinjest).com)(\\/.*)/","/^(https?:\\/\\/)(.+)?(michaelemad.com|7misr4day.com)(\\/.*)/","/^(https?:\\/\\/)(.+)?((dramaticqueen|emubliss).com)(\\/.*)/","/^(https?:\\/\\/)(.+)?((grtjobs|jksb).in)(\\/.*)/","/^(https?:\\/\\/)(.+)?(tii.la|oei.la|iir.la|tvi.la|oii.la|tpi.li|lnbz.la)(\\/.*)/","/^(https?:\\/\\/)(.+)?((bnbfree|freeth|freebitco).in)(\\/.*)/","/^(https?:\\/\\/)(.+)?(ouo.io|ouo.press)(\\/.*)/","/^(https?:\\/\\/)(.+)?(askpaccosi.com|cryptomonitor.in)(\\/.*)/","/^(https?:\\/\\/)(.+)?((kongutoday|proappapk|hipsonyc).com)(\\/.*)/","/^(https?:\\/\\/)(.+)?((viralxns|uploadsoon).com)(\\/.*)/","/^(https?:\\/\\/)(.+)?((techleets|bonloan).xyz|sharphindi.in|nyushuemu.com)(\\/.*)/","/^(https?:\\/\\/)(.+)?((jobmatric|carjankaari).com|techsl.online)(\\/.*)/","/^(https?:\\/\\/)(.+)?(usersdrive.com|ddownload.com)(\\/.*)/","/^(https?:\\/\\/)(.+)?((devnote|formshelp|rcccn).in|djbassking.live)(\\/.*)/","/^(https?:\\/\\/)(.+)?(cutnet.net|(cutyion|cutynow).com|(exego|cety).app|(jixo|gamco).online)(\\/.*)/","/^(https?:\\/\\/)(.+)?(xonnews.net|toilaquantri.com|share4u.men|camnangvay.com)(\\/.*)/","/^(https?:\\/\\/)(.+)?(oxy\\.*)/","/^(https?:\\/\\/)(.+)?(largestpanel.in|(djremixganna|financebolo|emubliss).com|(earnme|usanewstoday).club|earningtime.in)(\\/.*)/","/^(https?:\\/\\/)(.+)?((zygina|jansamparks).com|(loanifyt|getknldgg).site|topshare.in|btcon.online)(\\/.*)/","/^(https?:\\/\\/)(.+)?((financewada|utkarshonlinetest).com|financenova.online)(\\/.*)/","/^(https?:\\/\\/)(.+)?(setroom.biz.id|travelinian.com)(\\/.*)/","/^(https?:\\/\\/)(.+)?(wp.thunder-appz.eu.org|blog.adscryp.com)(\\/.*)/","/^(https?:\\/\\/)(.+)?((howifx|vocalley|financerites|yogablogfit|healthfirstweb|junkyponk|mythvista|blog-myst|webhostsec).com|ss7.info|sololevelingmanga.pics)(\\/.*)/","/^(https?:\\/\\/)(.+)?((fourlinez|newsonnline|phonesparrow|creditcarred|stockmarg).com|(alljntuworld|updatewallah|vyaapaarguru|viralmp3.com|sarkarins).in)(\\/.*)/","/^(https?:\\/\\/)(.+)?((financenube|mixrootmods|pastescript|trimorspacks).com)(\\/.*)/","/^(https?:\\/\\/)(.+)?((keedabankingnews|aceforce2apk).com|themezon.net|healthvainsure.site|rokni.xyz|bloggingwow.store|dsmusic.in|vi-music.app)(\\/.*)/","/^(https?:\\/\\/)(.+)?((aduzz|tutorialsaya|baristakesehatan|merekrut|indobo).com|deltabtc.xyz|bit4me.info)(\\/.*)/","/^(https?:\\/\\/)(.+)?(yoshare.net|olhonagrana.com)(\\/.*)/","/^(https?:\\/\\/)(.+)?(coincroco.com|surflink.tech|cointox.net)(\\/.*)/","/^(https?:\\/\\/)(.+)?(solidcoins.net|fishingbreeze.com)(\\/.*)/","/^(https?:\\/\\/)(.+)?((superheromaniac|spatsify|mastkhabre|ukrupdate).com)(\\/.*)/","/^(https?:\\/\\/)(.+)?((bestloansoffers|worldzc).com|earningtime.in)(\\/.*)/","/^(https?:\\/\\/)(.+)?((exeo|exego).app|(falpus|exe-urls|exnion).com|4ace.online)(\\/.*)/","/^(https?:\\/\\/)(.+)?(writedroid.eu.org|modmania.eu.org|writedroid.in)(\\/.*)/","/^(https?:\\/\\/)(.+)?(techkhulasha.com|itijobalert.in)(\\/.*)/","/^(https?:\\/\\/)(.+)?((lakhisarainews|vahanmitra24).in)(\\/.*)/","/^(https?:\\/\\/)(.+)?(autodime.com|cryptorex.net)(\\/.*)/","/^(https?:\\/\\/)(.+)?((bchlink|usdlink).xyz)(\\/.*)/","/^(https?:\\/\\/)(.+)?(pubghighdamage.com|anmolbetiyojana.in)(\\/.*)/","/^(https?:\\/\\/)(.+)?(aylink.co|cpmlink.pro)(\\/.*)/","/^(https?:\\/\\/)(.+)?(nishankhatri.xyz|(bebkub|owoanime|hyperkhabar).com)(\\/.*)/","/^(https?:\\/\\/)(.+)?((blogmado|kredilerim|insuranceleadsinfo).com)(\\/.*)/","/^(https?:\\/\\/)(.+)?(litecoin.host|cekip.site)(\\/.*)/","/^(https?:\\/\\/)(.+)?((travelironguide|businesssoftwarehere|softwaresolutionshere|freevpshere|masrawytrend).com)(\\/.*)/","/^(https?:\\/\\/)(.+)?((tmail|labgame).io|(gamezizo|fitdynamos).com)(\\/.*)/","/^(https?:\\/\\/)(.+)?(ify.ac|go.linkify.ru)(\\/.*)/","/^(https?:\\/\\/)(.+)?((financedoze|topjanakri|stockbhoomi).com|techhype.in|getpdf.net|cryptly.site)(\\/.*)/","/^(https?:\\/\\/)(.+)?((importantclass|hamroguide).com)(\\/.*)/","/^(https?:\\/\\/)(.+)?(up-load.io|downloadani.me)(\\/.*)/","/^(https?:\\/\\/)(.+)?((forexrw7|forex-articles|3rabsports|fx-22|watchtheeye).com|(offeergames|todogame).online|whatgame.xyz|gold-24.net)(\\/.*)/","/^(https?:\\/\\/)(.+)?((tejtime24|drinkspartner|sportswordz|newspute).com|(raftarsamachar|gadialert|jobinmeghalaya|raftarwords).in)(\\/.*)/","/^(https?:\\/\\/)(.+)?(trangchu.news|downfile.site|(techacode|expertvn|ziggame|gamezigg).com|azmath.info|aztravels.net|handydecor.com.vn)(\\/.*)/","/^(https?:\\/\\/)(.+)?(anonymfile.com|sharefile.co|gofile.to)(\\/.*)/","/^(https?:\\/\\/)(.+)?((carbikesupdate|carbikenation).com)(\\/.*)/","/^(https?:\\/\\/)(.+)?((uploadrar|fingau|getpczone|wokaz).com|uptomega.me)(\\/.*)/","/^(https?:\\/\\/)(.+)?((ez4mods|game5s|sharedp|fastcars1).com|tech5s.co|a4a.site|rcccn.in|creditbay.xyz)(\\/.*)/","/^(https?:\\/\\/)(.+)?(4hi.in|(10short|animerigel|encurt4|encurtacash).com|finish.wlink.us|passivecryptos.xyz|fbol.top|kut.li|shortie.sbs|zippynest.online|faucetsatoshi.site|tfly.link|oii.si)(\\/.*)/","/^(https?:\\/\\/)(.+)?((ecryptly|equickle).com)(\\/.*)/","/^(https?:\\/\\/)(.+)?((down.fast-down|down.mdiaload).com)(\\/.*)/","/^(https?:\\/\\/)(.+)?((horoscop|videoclip|newscrypto).info|article24.online|writeprofit.org|docadvice.eu|trendzilla.club|worldwallpaper.top)(\\/.*)/","/^(https?:\\/\\/)(.+)?(revly.click|(clikern|kiddyshort|adsssy).com|mitly.us|link.whf.bz|shortex.in|(easyshort|shorturlearn).xyz)(\\/.*)/","/^(https?:\\/\\/)(.+)?((wellness4live|akash.classicoder).com|2the.space|inicerita.online)(\\/.*)/","/^(https?:\\/\\/)(.+)?((hosttbuzz|policiesreview|blogmystt|wp2hostt|advertisingcamps|healthylifez|insurancemyst).com|clk.kim|dekhe.click)(\\/.*)/","/^(https?:\\/\\/)(.+)?(exactpay.online|neverdims.com|sproutworkers.co)(\\/.*)/","/^(https?:\\/\\/)(.+)?((fitnesswifi|earnmoneyyt|thardekho|dinoogaming|pokoarcade|hnablog|orbitlo|finquizy|indids|redfea|financenuz|pagalworldsong).com|(ddieta|lmktec).net|(bankshiksha|odiadjremix).in|vbnmx.online)(\\/.*)/","/^(https?:\\/\\/)(.+)?((tinybc|phimne).com|(mgame|sportweb|bitcrypto).info)(\\/.*)/","/^(https?:\\/\\/)(.+)?((marketrook|governmentjobvacancies|swachataparnibandh|goodmorningimg|odiadance|newkhabar24|aiperceiver|kaomojihub|arkarinaukrinetwork|topgeninsurance).com|(winezones|kabilnews|myscheme.org|mpsarkarihelp|dvjobs|techawaaz).in|(biharhelp|biharkhabar).co|wastenews.xyz|biharkhabar.net)(\\/.*)/","/^(https?:\\/\\/)(.+)?((admediaflex|cdrab|financekita|jobydt|foodxor|mealcold|newsobjective|gkvstudy|mukhyamantriyojanadoot|thepragatishilclasses|indobo|pdfvale|templeshelp).com|(ecq|cooklike).info|(wpcheap|bitwidgets|newsamp|coinilium).net|atomicatlas.xyz|gadifeed.in|thecryptoworld.site|skyfreecoins.top|petly.lat|techreviewhub.store|mbantul.my.id)(\\/.*)/","/^(https?:\\/\\/)(.+)?(tutwuri.id|(besargaji|link2unlock).com)(\\/.*)/","/^(https?:\\/\\/)(.+)?((lyricsbaazaar|ezeviral).com)(\\/.*)/","/^(https?:\\/\\/)(.+)?((mangareleasedate|sabkiyojana|teqwit|bulkpit|odiafm).com|(loopmyhub|thepopxp).shop|cryptoblast.online)(\\/.*)/","/^(https?:\\/\\/)(.+)?(short.croclix.me|adz7short.space)(\\/.*)/","/^(https?:\\/\\/)(.+)?(crypto-fi.net|claimcrypto.cc|xtrabits.click|(web9academy|bioinflu|bico8).com|(ourcoincash|studyis).xyz)(\\/.*)/","/^(https?:\\/\\/)(.+)?(dutchycorp.ovh|(encurt4|10short).com|seulink.digital|oii.io|hamody.pro|metasafelink.site|wordcounter.icu|pwrpa.cc|flyad.vip|seulink.online|pahe.plus|beinglink.in)(\\/.*)/","/^(https?:\\/\\/)(.+)?((remixsounds|helpdeep|thinksrace).com|(techforu|studywithsanjeet).in|uprwssp.org|gkfun.xyz)(\\/.*)/","/^(https?:\\/\\/)(.+)?(adshnk.com|adshrink.it)(\\/.*)/","/^(https?:\\/\\/)(.+)?((suaurl|lixapk|reidoplacar|lapviral|minhamoto).com)(\\/.*)/","/^(https?:\\/\\/)(.+)?(stly.link|(snaplessons|atravan|airevue|carribo|amalot).net|(stfly|shrtlk).biz|veroan.com)(\\/.*)/","/^(https?:\\/\\/)(.+)?((playonpc|yolasblog|playarcade).online|(quins|megahosting).us|(retrotechreborn|insurelean|ecosolardigest|finance240|2wheelslife|historyofyesterday|tradeshowrating).com|gally.shop|evegor.net|freeat30.org|(qanin|ivnlnews|jobvox|gfcg).xyz)(\\/.*)/","/^(https?:\\/\\/)(.+)?((sekilastekno|miuiku|vebma|majalahhewan).com|crm.cekresi.me|(ai|go).tempatwisata.pro)(\\/.*)/","/^(https?:\\/\\/)(.+)?(coinclix.co|coinhub.wiki|(vitalityvista|geekgrove).net)(\\/.*)/","/^(https?:\\/\\/)(.+)?((mdseotools|sealanebio|bihartown|tessofficial|latestjobupdate|hypicc|niveshskill|carbikeswale|eduprothink|glimmerbyte|technofreez|pagalworldlyrics|poorhindi|paisasutra|dhanyogi|thedeorianews|bgmiobb).com|(allnotes|sewdamp3.com|motahone|mukhyasamachar|techrain).in|(pisple|cirdro|panscu).xyz|taiyxd.net)(\\/.*)/","/^(https?:\\/\\/)(.+)?((cryptosparatodos|placementsmela|howtoconcepts|tuasy|skyrimer|yodharealty|mobcupring|aiimsopd|advupdates|camdigest|heygirlish|blog4nx|todayheadliners|jobqwe|cryptonews.faucetbin|mobileflashtools).com|(paidinsurance|djstar|sevayojana|bjp.org).in|(sastainsurance|nashib).xyz|(cialisstrong|loanforuniversity).online|(cegen|thunder-appz.eu).org|zaku.pro|veganab.co|skyfreecoins.top|manga4nx.site)(\\/.*)/","/^https:\\/\\/((bleleadersto|tonordersitye|daughablelea|mdlinkshub).com)\\/s\\?(?!.*f933e7ff).*$/","/^(https?:\\/\\/)(loot-link.com|loot-links.com|lootlink.org|lootlinks.co|lootdest.(info|org|com)|links-loot.com|linksloot.net)\\/s\\?.*$/","/(mundopolo.net|myfirstdollar.net|adsense.tupaste.top|acorta2.com|web.admoneyclick.net|acortaphd.live|onlypc.net|link.manudatos.com)/","/comohoy.com/","/privatenudes.com\\/model/","/sphinxanime.com\\/short/","/japanpaw.com\\/out/","/(iconicblogger.com|segurosdevida.site)/","/link.unlockner.com/","/(cybercityhelp|akcartoons).in/","/www.akcartoons.in/","/go.moonlinks.in/","/shrinkme.(us|site|cc|vip|dev|ink)/","/test.shrinkurl.org/","/shareus.io/","/shareus\\.io\\/go\\?sid=/","/(verpeliculasonline.org|subtituladas.com)\\/enlace/","/links.cuevana.ac\\/short/","/ouo.io/","/1v.to\\/t/","/linkspy.cc\\/tr/","/linkspy.cc\\/\\/a/","/www.ovagames.com\\/.*\\.html$/","/((infytips|remixodiadj|bgmiaimassist).in|(cybertyrant|profitshort|technorozen|bestadvise4u|newztalkies|aiotechnical|cryptonewzhub|techvybes|wizitales|101desires|gdspike|caronwhaley|maxxfour|thewizitale|inventoryidea|gamerxyt|betsatta|stockwallah|gtxhosty|anyrojgar).com|mphealth.online|hubdrive.me|advisecreate.fun|courselinkfree.us|10desires.(org|net)|theapknews.shop|trendzguruji.me|speedynews.xyz|nzarticles.pro|offerboom.top|kvkparbhani.org)/","/short-ly.co/","/uqozy.com|posterify.net|drinkspartner.com|manishclasses.in|boiscd.com/","/blogging.techworldx.net|10beasts.biz/","/starsddl.me\\/short/","/(tech|technews).unblockedgames.world/","/seriezloaded.com.ng\\/sl-download\\/\\?link=/","/www.itscybertech.com/","/thegadgetking.in/","/^(https?:\\/\\/)(?!(bypass.city|adbypass.org))(linkvertise.com|(linkvertise|link-to).net)/","/^(https?:\\/\\/)(?!(bypass.city|adbypass.org))(loot-link.com|loot-links.com|lootlink.org|lootlinks.co|lootdest.(info|org|com)|links-loot.com|linksloot.net)\\/s\\?.*$/","/epicload.com\\/files/","/www.gtaall.com\\/get-manual/","/woowebtools.com|pallabmobile.in/","/doodrive.com\\/f/","/ipamod.com\\/redirect-to/","/9xflix\\.(\\w+)\\/m\\/goto/","/bookszone.in/","/yoshare.net/","/blog.disheye.com/","/reminimod.co/","/techrayzer.com/","/techfizia.com/","/tech5s.co/","/ez4mods.com/","/ez4short.com|zshort.io|lkfms.pro/","/learnmany.in/","/lksfy.in/","/droplink.co/","/lnks.primarchweb.in/","/highkeyfinance.com/","/toonhub4u.net\\/redirect\\/main.php\\?url=/","/toonhub4u\\.net\\/([^\\/]+)\\/$/","/mdsuuniversity.org|instander.me|jameen.xyz|dhamakamusic.ink|eternalcbse.i|financialstudy.me|(foreverhealth|newzwala.co|nhmgujarat|jobkijankari|jobwaala|learnwithsaif|lyricsx|smartsetkari|theringtonesworld|recruitmentrasta|mediniweb|pmyojanasarkari|netflixvip|mghindinews|gentletrail|w3hindi|ryzenmusic).in|(anumin|awolio|cgbsesupport|gptproguide|iplquotes|kaisekareblog|minijankari|news36tech|newsloti|odiamusicsong|sugargliderfaqs|picassoappk|geniuseducares|ndlifestylego|raidersixgameapk|sarkariexam365|potter-world|jankari4u|trancebazar|taazaalerts).com/","/aipebel.com/","/raretoonsindia.rtilinks.com/","/(do|fast).rtilinks.com/","/vidhidepro.com\\/d/","/www.mirrored.to\\/files\\/(?!.*\\?hash=)/","/skyve.io/","/(itradercoin|nichapk|easyworldbusiness|riveh).com/","/blog.filepresident.com/","/gyanigurus.net\\/view/","/mkvmoviespoint.casa\\/goto/","/w.linkspoint.net/","/kingshortener.com/","/gdslink.xyz/","/financeyogi.net/","/jrlinks.in/","/go.tnshort.net/","/www.4fnet.org\\/goto/","/(linkmo.net|adpayl.ink)\\/[^?]+\\?data=.+$/","/musicc.xyz/","/(cravesandflames|codesnse|cloutgist|kecapku).com/","/empebau.eu\\/s/","/cpmlink.net\\/go/","/10short.com/","/zegtrends.com/","/icutlink.com/","/motakhokhara.blogspot.com/","/xpshort.com/","/jobzspk.xyz/","/urls.cx/","/sunci.net/","/(adclicker.(io|info)|(discoveryultrasecure|yourihollier).com)\\/url/","/antonimos.de|tiktokcounter.net|tiktokrealtime.com|tpayr.xyz|quesignifi.ca|lifgam.online|waezf.xyz|ashrfd.xyz/","/minimilionario.com\\/noticia.php\\?token=/","/usandoapp.com/","/v2links.(com|me)/","/(newsbawa|utkarshonlinetest|techbezzie|financewada).com/","/techtnet.com/","/asideway.com/","/web1s.asia\\/api-mode/","/(linkvip|blitly).io/","/^https:\\/\\/megalink.pro\\/[a-zA-Z0-9]+$/","/lnbz.la/","/dekhe.click|indianshortner.com|lnbz.la|oii.la|falpus.com|4ace.online|tii.la|oko.sh|tpi.li|shrinke.me|clk.(wiki|kim)|techy.veganab.co|atglinks.com|linx.cc|get.megaurl.in|wordcounter.icu|wordcount.im|exeo.app|pwrpa.cc|(go|get).megafly.in|birdurls.com|blog.graphicuv.com|try2link.com|owllink.net|oei.la|exego.app|link.theflash.eu.org|get.instantearn.in|mrproblogger.com|exe-urls.com|linkjust.com/","/ez4short.com\\/[^\\/]+\\/\\?token=[^\\/]+$/","/shon.xyz/","/veganab.co\\/\\?link=/","/veganab.co/","/camdigest.com/","/tawda.xyz\\/tag/","/pastebin.com\\/raw/","/spacetica.com/","/linegee.net/","/(loanoffering|djmp3world).in|moonplusnews.com/","/4hi.in/","/lnk.news/","/imagereviser.com/","/upshrink.com/","/bangclinic.life/","/dow-dow-dow-dow-dow.xyz\\/download\\/\\?id=/","/ofilmetorrent.com\\/download\\/\\?id=/","/librospdfgratismundo.net/","/besargaji.com/","/moneyblink.com\\/ready\\/go\\?u=/","/dw-anime.net\\/short\\/\\?anonym=/","/fiuxy2.co\\/threads/","/megalinks.info\\/index.php\\?v=/","/ocultandoo.blogspot.com/","/rodimalam.com/","/platinsport.com/","/(ay.live|aylink.co|gitlink.pro)\\/[^\\/]+$/","/(lopteapi.com|1link.vip|blitly.io|web1s.com|megalink.pro)\\/[^\\/]+$/","/short-url.link\\/[^\\/]+$/","/urlx.one\\/[^\\/]+$/","/trimorspacks.com|pastescript.com|updrop.link/","/earnmoneyyt.com/","/sheralinks.com/","/go.bloggingaro.com/","/land.povathemes.com/","/pahe.plus/","/www.(sinsitio.site|dixva.com)\\/code\\/\\?go=/","/www.yitarx.com/","/myshrinker.com/","/thotpacks.xyz/","/tumangasdd.com/","/sexyforums.com\\/redirect/","/forum.(sexyegirls|sorrymother).to\\/redirect\\?to=/","/paste.japan-paw.net\\/\\?v=/","/pastesmkv.xyz\\/\\?v=/","/ikramlar.online|segurosdevida.site/","/mh.gourlpro.com/","/playpastelinks.com/","/stfly.(cc|xyz|biz|me)|stly.link|(techtrendmakers|gadnest|optimizepics|bookbucketlyst).com|(blogbux|blogesque|exploreera|explorosity|trekcheck|torovalley|travize|metoza|techlike|crenue|atravan|transoa|techmize|snaplessons|airevue).net/","/ielts-isa.edu.vn/","/flash.getpczone.com|get.rahim-soft.com/","/(surfsees|travelagancy|venzoars|webbooki|pokoarcade|edigitalizes|finquizy).com|(fitnessholic|myindigocard).net|stockinsights.in|pandagamepad.co|techsl.online/","/cgsonglyricz.in|www.techhubcap.com/","/cryptings.in|vbnmx.online/","/techyblogs.in|readytechflip.com/","/wp2host.com/","/pahe.win/","/ontechhindi.com/","/thelatintwistcafe.com/","/(newshuta|5ghindi|gujaratalert|mahitimanch|gujmitra).in|(indiamaja|thespotifypremium).com|mtmanagers.pro/","/mayas.travel|eldiario24hrs.com|comomedir.com|aplicacionpara.org|constanteonline.com/","/animesgd.net/","/tucinehd.com\\/links/","/render-state.to\\/download\\/\\?link=/","/www.lanoticia.cc/","/altearnativasa.com/","/importantclass.com/","/bebkub.com/","/kbconlinegame.com/","/owoanime.com/","/keedabankingnews.com/","/secure.moderngyan.com/","/earnbox.sattakingcharts.in/","/set.seturl.in/","/links.kmhd.net/","/mastramstories.com\\/api.php\\?api/","/onlinetntextbooks.com/","/www.saferoms.com\\/\\?go=/","/hdpastes.com\\/\\?v=/","/shrinkforearn.in/","/encurtads.net|financacerta.com/","/shrtbr.com/","/dramaday.me\\/[^\\/]+\\/$/","/^https:\\/\\/(fitdynamos.com|labgame.io)\\/.*$/","/mobilenagari.com|defencewallah.in/","/(bgmiupdatehub|novelquote|superheromaniac|jkssbalerts|taazaloans|spatsify|sikhehindime|careersides).com|(sabarpratham|pubprofit|sarkariyojnaa|reliablesp).in|dear-lottery.org/","/rocklinks.in/","/www.udlinks.com/","/techkhulasha.com|blog.bloggerishyt.in/","/golink.bloggerishyt.in/","/skillheadlines.in/","/psccapk.in|secure.bgmiupdate.com.in|money.hustlershub.in|rg.sattakingcharts.in|payalgaming.co.in/","/www.spaste.com/","/click.convertkit-mail.com/","/hubcloud.(club|dad)\\/tg\\/go.php\\?re=/","/bgmiaimassist.in|(stockwallah|inventoryidea).com/","/^https:\\/\\/relampagomovies\\.com\\/.+/","/(shramikcard|pmkisanlists|techishant|cinedesi|thevouz).in|cookad.net|(tejtime24|cyberlynews|quizrent).com/","/linkshortify.in|lksfy.com/","/tii.la|oei.la|iir.la|tvi.la|oii.la|tpi.li|lnbz.la/","/^https:\\/\\/[^\\/]+\\/safe\\.php\\?link=https:\\/\\/modijiurl\\.com\\/[^\\/]+\\/\\?mid=.*$/","/^https:\\/\\/modijiurl\\.com\\/[^\\/]+\\/\\?mid=.*$/","/delpez.com/","/mendationforc.info/","/paster.gg/","/go.zovo.ink/","/^https:\\/\\/kisalt\\.com\\/.*/","/((ukrupdate|mastkhabre).com|aryx.xyz)/","/app.link2unlock.com/","/freemodsapp.in/","/pandaznetwork.com/","/(upfiles.app|haxi.online|upfion.com)/","/dailyuploads.net/","/app2.olamovies.download\\/generate\\/\\?id=/","/((btcut|linkslice|zshort).io|easy4skip.com|lkfms.pro|droplink.co)\\/.*\\?token=.*/","/foodtechnos.in/","/mixrootmod.com/","/zaku.pro/","/aylink.co|cpmlink.pro/","/hypershort.com/","/instaserve.net|gomob.xyz|gamechilly.online|instanders.app/","/(desbloquea|drivelinks).me|(acortame-esto|recorta-enlace|enlace-protegido|super-enlace).com|short-info.link/","/tech.hipsonyc.com|itijobalert.in/","/golink.(gyanitheme.com|bloggerishyt.in)/","/pxanimeurdu.com/","/techarmor.xyz/","/get.cloudfam.io/","/monoschinos.club/","/(pelistop.xyz|tuconstanteonline.com|librolandia.cc|posicionamientoweb.click|dietadisociada.info)/","/subtituladas.org\\/enlace/","/flycutlink.com/","/drop.download/","/file-upload.org/","/up-4ever.net/","/frdl.is/","/mega4upload.net/","/filespayouts.com/","/loanoffer.cc/","/count.vipurl.in/","/(smartfeecalculator|thecubexguide).com|(djxmaza|jytechs|gujjukhabar).in/","/goo.st/","/safez.es/","/acorte.xyz/","/sastainsurance.xyz/","/link4earn.com/","/kaomojihub.com/","/vplink.in/","/^https:\\/\\/devuploads\\.com\\/.*/","/link.paid4link.com/","/^(https?:\\/\\/)(.+)?((actualpost|americanstylo|beautifulfashionnailart|dadinthemaking|glowandglamcorner|listofthis|lobirtech|travelperi|vepiv|seydisehirmansethaber|turkiyertg|tophotelsukraine|balatroltd|tenorminiuk|icryptowin|chronoat|ecoinfotec|bcsclass|mainitbd|newselab|dizok|uzaay|tophistoryview|9sblog|ubnem|techavash|6harfli|professionaley|playghub|apkvmod|apkallworld|techoflix|toplistee|games2mobile|nivtu|bflig|jplna|bilgilendirici|zoninews|smoplay|m-womenstyle|bnirfinance|fuyde|infoguidebd|worthtester|4kphotoediting|befinja).com|(makego|sakazi|momge|englishgrammarpro|arab-plus).net|askerlikforum.com.tr|misterio.ro|(forp|bevery|fanuze|twogamehup|muskokay|zingif).xyz|gamcabd.org|gamerking.shop|nidbd.me)(\\/.*)/","/^(https?:\\/\\/)(.+)?((mega-enlace|acortados).com|tulink.org)/","/^https:\\/\\/(.*\\.|)(playonpc.online|(quins|megahosting).us|(tradeshowrating|historyofyesterday|retrotechreborn|insurelean|ecosolardigest|finance240|2wheelslife|ngebike).com|gally.shop|(qanin|ivnlnews|jobvox|gfcg).xyz|evegor.net|freeat30.org|droplink.co)\\/.*/","/quickeemail.com/"],"orig_matches":["*://*/recaptcha/api2/*","*://*.gocmod.com/*","*://*.api.gplinks.com/*","*://*.rfaucet.com/*","*://*.maloma3arbi.blogspot.com/*","*://*.financenuz.com/*","*://*.thepragatishilclasses.com/*","*://*.coinilium.net/*","*://*.blog.klublog.com/*","*://*.dutchycorp.space/*","*://*.financedoze.com/*","*://*.shortfaster.net/*","*://*.triggeredplay.com/*","*://*.ouo.io/*","*://*.adbtc.top/*","*://*.linkbox.to/*","*://*.the2.link/*","*://*.keeplinks.org/*","*://*.forex-22.com/*","*://*.1shortlink.com/*","*://*.1short.io/*","*://*.disheye.com/*","*://*.aysodamag.com/*","*://*.cryptonewssite.rf.gd/*","*://*.1bitspace.com/*","*://*.cshort.org/*","*://*.revlink.pro/*","*://*.panyhealth.com/*","*://*.minhapostagem.top/*","*://*.playpaste.com/*","*://*.sfl.gl/*","*://*.lanza.me/*","*://*.jioupload.icu/*","*://*.lolinez.com/*","*://*.shortlinks2btc.somee.com/*","*://*.kisalt.digital/*","*://*.linksly.co/*","*://*.lksfy.com/*","*://*.almontsf.com/*","*://*.rotizer.net/*","*://*.render-state.to/*","*://*.linkforearn.com/*","*://*.downfile.site/*","*://*.enlacito.com/*","*://*.adtival.network/*","*://*.imagereviser.com/*","*://*.amanguides.com/*","*://*.stockmarg.com/*","*://*.8tm.net/*","*://*.bestfonts.pro/*","*://*.cpmlink.net/*","*://*.noodlemagazine.com/*","*://*.paycut.pro/*","*://*.forex-trnd.com/*","*://*.mohtawaa.com/*","*://*.knowiz0.blogspot.com/*","*://*.sharetext.me/*","*://*.apkw.ru/*","*://*.comohoy.com/*","*://*.4fnet.org/*","*://*.alorra.com/*","*://*.adoc.pub/*","*://*.programasvirtualespc.net/*","*://*.pdfcoffee.com/*","*://*.boost.ink/*","*://*.fansonlinehub.com/*","*://*.mirrored.to/*","*://*.mboost.me/*","*://*.karyawan.co.id/*","*://*.slink.bid/*","*://*.blog.yurasu.xyz/*","*://*.creditsgoal.com/*","*://*.adfoc.us/*","*://*.zegtrends.com/*","*://*.ac.totsugeki.com/*","*://*.newassets.hcaptcha.com/*","*://*.bigbtc.win/*","*://*.linkspy.cc/*","*://*.dinheiromoney.com/*","*://*.flamebook.eu.org/*","*://*.rekonise.com/*","*://*.vosan.co/*","*://*.exblog.jp/*","*://*.modcombo.com/*","*://*.sub2get.com/*","*://*.o-pro.online/*","*://*.jobzhub.store/*","*://*.curto.win/*","*://*.infonerd.org/*","*://*.yitarx.com/*","*://*.videolyrics.in/*","*://*.f2h.io/*","*://*.dbree.me/*","*://*.upload.ee/*","*://*.gofile.io/*","*://*.dddrive.me/*","*://*.1fichier.com/*","*://*.mp4upload.com/*","*://*.takefile.link/*","*://*.drop.download/*","*://*.easyupload.io/*","*://*.rapidgator.net/*","*://*.coinsrev.com/*","*://*.dropgalaxy.com/*","*://*.dayuploads.com/*","*://*.workupload.com/*","*://*.freepreset.net/*","*://*.krakenfiles.com/*","*://*.file-upload.net/*","*://*.uploadhaven.com/*","*://*.fileresources.net/*","*://*.indobo.com/*","*://*.techxploitz.eu.org/*","*://*.jobinmeghalaya.in/*","*://*.playnano.online/*","*://*.2linkes.com/*","*://*.mazen-ve3.com/*","*://*.apkadmin.com/*","*://*.filemoon.sx/*","*://*.files.fm/*","*://*.k2s.cc/*","*://*.katfile.com/*","*://*.udrop.com/*","*://*.megaupto.com/*","*://*.karanpc.com/*","*://*.douploads.net/*","*://*.send.now/*","*://*.dataupload.net/*","*://*.buzzheavier.com/*","*://*.bowfile.com/*","*://*.dailyuploads.net/*","*://*.uploadev.org/*","*://*.megaup.net/*","*://*.gdflix.dad/*","*://*.mega4upload.net/*","*://*.filespayouts.com/*","*://*.uploady.io/*","*://*.file-upload.org/*","*://*.mexa.sh/*","*://*.up-4ever.net/*","*://*.hitfile.net/*","*://*.servicemassar.ma/*","*://*.upfion.com/*","*://*.m.flyad.vip/*","*://*.easylink.gamingwithtr.com/*","*://*.mediafire.com/*","*://*.downloader.tips/*","*://*.modsbase.com/*","*://*.filedm.com/*","*://*.anonym.ninja/*","*://*.oydir.com/*","*://*.doodrive.com/*","*://*.firefaucet.win/*","*://*.cryptorotator.website/*","*://*.qiwi.gg/*","*://*.turbobit.net/*","*://*.sharemods.com/*","*://*.onlinetechsolution.link/*","*://*.desiupload.co/*","*://*.tempatwisata.pro/*","*://*.bewbin.com/*","*://*.lajangspot.web.id/*","*://*.inshortnote.com/*","*://*.jioupload.com/*","*://*.teknoasian.com/*","*://*.socialwolvez.com/*","*://*.bitcotasks.com/*","*://*.shortit.pw/*","*://*.newsminer.uno/*","*://*.autofaucet.dutchycorp.space/*","*://*.flickr.com/*","*://*.go.paylinks.cloud/*","*://*.multiup.io/*","*://*.modsfire.com/*","*://*.social-unlock.com/*","*://*.gamezigg.com/*","*://*.shrs.link/*","*://*.shareus.io/*","*://*.bloggerpemula.pythonanywhere.com/*","https://acortalink.me/*","*://linkvertise.com/*","*://bstlar.com/*","https://bypass.city/bypass?bypass=*","https://adbypass.org/bypass?bypass=*","https://fc-lc.xyz/*","https://datanodes.to/download","*://www.ryuugames.com/?eroge=*","*://anchoreth.com/r-adsh?t=i&v=*","https://paster.so/*"],"orig_noframes":true,"orig_run_at":"document-start","orig_run_in":[],"orig_tags":[],"use_blockers":[],"use_connects":[],"use_excludes":[],"use_includes":[],"use_matches":[]},"run_at":null,"run_in":null,"sandbox":null,"tags":[],"unwrap":null,"user_modified":null},"settings":{"enabled":true,"position":1},"meta":{"name":"Bypass All Shortlinks Debloated","uuid":"975a2608-6b0a-4e80-a7ba-0eec6093d0d2","modified":1766978070270,"file_url":"https://codeberg.org/Amm0ni4/bypass-all-shortlinks-debloated/raw/branch/main/Bypass_All_Shortlinks.user.js"}}