{"options":{"check_for_updates":true,"comment":null,"compat_foreach":false,"compat_metadata":false,"compat_powerful_this":null,"compat_wrappedjsobject":false,"compatopts_for_requires":true,"noframes":null,"override":{"merge_connects":true,"merge_excludes":true,"merge_includes":true,"merge_matches":true,"orig_connects":[],"orig_excludes":[],"orig_includes":[],"orig_matches":["*://*.medium.com/*","*://medium.com/*","*://*/*"],"orig_noframes":null,"orig_run_at":"document-start","orig_run_in":[],"orig_tags":[],"use_blockers":[],"use_connects":[],"use_excludes":[],"use_includes":[],"use_matches":[]},"run_at":null,"run_in":null,"sandbox":"DOM","tags":[],"unwrap":null,"user_modified":null},"settings":{"enabled":true,"position":6},"meta":{"name":"Medium Paywall Bypass","uuid":"011d8d20-9cbd-4b41-a75f-8164156e4562","modified":1769484011080,"file_url":"https://gist.githubusercontent.com/mathix420/e0604ab0e916622972372711d2829555/raw/medium.user.js"}}