{"options":{"check_for_updates":true,"comment":null,"compat_foreach":false,"compat_metadata":false,"compat_powerful_this":null,"compat_wrappedjsobject":false,"compatopts_for_requires":true,"noframes":null,"override":{"merge_connects":true,"merge_excludes":true,"merge_includes":true,"merge_matches":true,"orig_connects":[],"orig_excludes":[],"orig_includes":[],"orig_matches":["https://www.youtube.com/*"],"orig_noframes":null,"orig_run_at":"document-start","orig_run_in":[],"orig_tags":[],"use_blockers":[],"use_connects":[],"use_excludes":[],"use_includes":[],"use_matches":[]},"run_at":null,"run_in":null,"sandbox":null,"tags":[],"unwrap":true,"user_modified":null},"settings":{"enabled":true,"position":4},"meta":{"name":"YouTube: Quality Auto Max","uuid":"e44a4e8e-e6e6-4033-873a-a53f3264d8e7","modified":1766978200828,"file_url":"https://update.greasyfork.org/scripts/483406/YouTube%3A%20Quality%20Auto%20Max.user.js"}}